{
  "Wbp_E_mean": 1.209560513496399,
  "Wbp_I_mean": 1.2445871829986572,
  "Wbp_E_gini": 0.09351345151662827,
  "Wbp_I_gini": 0.09929537028074265,
  "Fisher_E_mean": 8.826486069812844e-11,
  "Fisher_I_mean": 9.478590135003628e-11,
  "Fisher_E_gini": 0.1745799034833908,
  "Fisher_I_gini": 0.1769019514322281
}